<?xml version='1.0' encoding='UTF-8'?>
<Document doc_name="wsj_0006.xml.conll.txt">
  <Relations>
</Relations>
  <token t_id="1" sentence="0" number="0">Pacific</token>
  <token t_id="2" sentence="0" number="1">First</token>
  <token t_id="3" sentence="0" number="2">Financial</token>
  <token t_id="4" sentence="0" number="3">Corp</token>
  <token t_id="5" sentence="0" number="4">.</token>
  <token t_id="6" sentence="0" number="5">said</token>
  <token t_id="7" sentence="0" number="6">shareholders</token>
  <token t_id="8" sentence="0" number="7">approved</token>
  <token t_id="9" sentence="0" number="8">its</token>
  <token t_id="10" sentence="0" number="9">acquisition</token>
  <token t_id="11" sentence="0" number="10">by</token>
  <token t_id="12" sentence="0" number="11">Royal</token>
  <token t_id="13" sentence="0" number="12">Trustco</token>
  <token t_id="14" sentence="0" number="13">Ltd</token>
  <token t_id="15" sentence="0" number="14">.</token>
  <token t_id="16" sentence="0" number="15">of</token>
  <token t_id="17" sentence="0" number="16">Toronto</token>
  <token t_id="18" sentence="0" number="17">for</token>
  <token t_id="19" sentence="0" number="18">$</token>
  <token t_id="20" sentence="0" number="19">27</token>
  <token t_id="21" sentence="0" number="20">a</token>
  <token t_id="22" sentence="0" number="21">share</token>
  <token t_id="23" sentence="0" number="22">,</token>
  <token t_id="24" sentence="0" number="23">or</token>
  <token t_id="25" sentence="0" number="24">$</token>
  <token t_id="26" sentence="0" number="25">212</token>
  <token t_id="27" sentence="0" number="26">million</token>
  <token t_id="28" sentence="0" number="27">.</token>
  <token t_id="29" sentence="1" number="0">Pacific</token>
  <token t_id="30" sentence="1" number="1">First</token>
  <token t_id="31" sentence="1" number="2">Financial</token>
  <token t_id="32" sentence="1" number="3">Corp</token>
  <token t_id="33" sentence="1" number="4">.</token>
  <token t_id="34" sentence="1" number="5">said</token>
  <token t_id="35" sentence="1" number="6">shareholders</token>
  <token t_id="36" sentence="1" number="7">approved</token>
  <token t_id="37" sentence="1" number="8">its</token>
  <token t_id="38" sentence="1" number="9">acquisition</token>
  <token t_id="39" sentence="1" number="10">by</token>
  <token t_id="40" sentence="1" number="11">Royal</token>
  <token t_id="41" sentence="1" number="12">Trustco</token>
  <token t_id="42" sentence="1" number="13">Ltd</token>
  <token t_id="43" sentence="1" number="14">.</token>
  <token t_id="44" sentence="1" number="15">of</token>
  <token t_id="45" sentence="1" number="16">Toronto</token>
  <token t_id="46" sentence="1" number="17">for</token>
  <token t_id="47" sentence="1" number="18">$</token>
  <token t_id="48" sentence="1" number="19">27</token>
  <token t_id="49" sentence="1" number="20">a</token>
  <token t_id="50" sentence="1" number="21">share</token>
  <token t_id="51" sentence="1" number="22">,</token>
  <token t_id="52" sentence="1" number="23">or</token>
  <token t_id="53" sentence="1" number="24">$</token>
  <token t_id="54" sentence="1" number="25">212</token>
  <token t_id="55" sentence="1" number="26">million</token>
  <token t_id="56" sentence="1" number="27">.</token>
  <token t_id="57" sentence="2" number="0">The</token>
  <token t_id="58" sentence="2" number="1">thrift</token>
  <token t_id="59" sentence="2" number="2">holding</token>
  <token t_id="60" sentence="2" number="3">company</token>
  <token t_id="61" sentence="2" number="4">said</token>
  <token t_id="62" sentence="2" number="5">it</token>
  <token t_id="63" sentence="2" number="6">expects</token>
  <token t_id="64" sentence="2" number="7">to</token>
  <token t_id="65" sentence="2" number="8">obtain</token>
  <token t_id="66" sentence="2" number="9">regulatory</token>
  <token t_id="67" sentence="2" number="10">approval</token>
  <token t_id="68" sentence="2" number="11">and</token>
  <token t_id="69" sentence="2" number="12">complete</token>
  <token t_id="70" sentence="2" number="13">the</token>
  <token t_id="71" sentence="2" number="14">transaction</token>
  <token t_id="72" sentence="2" number="15">by</token>
  <token t_id="73" sentence="2" number="16">year</token>
  <token t_id="74" sentence="2" number="17">-</token>
  <token t_id="75" sentence="2" number="18">end</token>
  <token t_id="76" sentence="2" number="19">.</token>
  <token t_id="77" sentence="3" number="0">The</token>
  <token t_id="78" sentence="3" number="1">thrift</token>
  <token t_id="79" sentence="3" number="2">holding</token>
  <token t_id="80" sentence="3" number="3">company</token>
  <token t_id="81" sentence="3" number="4">said</token>
  <token t_id="82" sentence="3" number="5">it</token>
  <token t_id="83" sentence="3" number="6">expects</token>
  <token t_id="84" sentence="3" number="7">to</token>
  <token t_id="85" sentence="3" number="8">obtain</token>
  <token t_id="86" sentence="3" number="9">regulatory</token>
  <token t_id="87" sentence="3" number="10">approval</token>
  <token t_id="88" sentence="3" number="11">and</token>
  <token t_id="89" sentence="3" number="12">complete</token>
  <token t_id="90" sentence="3" number="13">the</token>
  <token t_id="91" sentence="3" number="14">transaction</token>
  <token t_id="92" sentence="3" number="15">by</token>
  <token t_id="93" sentence="3" number="16">year</token>
  <token t_id="94" sentence="3" number="17">-</token>
  <token t_id="95" sentence="3" number="18">end</token>
  <token t_id="96" sentence="3" number="19">.</token>
  <Markables>
    <EXPECTATION m_id="1">
      <token_anchor t_id="68"/>
      <token_anchor t_id="69"/>
      <token_anchor t_id="70"/>
      <token_anchor t_id="71"/>
      <token_anchor t_id="72"/>
      <token_anchor t_id="73"/>
      <token_anchor t_id="74"/>
      <token_anchor t_id="75"/>
    </EXPECTATION>
    <ATTRIBUTION m_id="2">
      <token_anchor t_id="1"/>
      <token_anchor t_id="2"/>
      <token_anchor t_id="3"/>
      <token_anchor t_id="4"/>
      <token_anchor t_id="5"/>
      <token_anchor t_id="6"/>
    </ATTRIBUTION>
    <ATTRIBUTION m_id="3">
      <token_anchor t_id="57"/>
      <token_anchor t_id="58"/>
      <token_anchor t_id="59"/>
      <token_anchor t_id="60"/>
      <token_anchor t_id="61"/>
    </ATTRIBUTION>
    <FOREGROUND m_id="4" type="narration">
      <token_anchor t_id="7"/>
      <token_anchor t_id="8"/>
      <token_anchor t_id="9"/>
      <token_anchor t_id="10"/>
      <token_anchor t_id="11"/>
      <token_anchor t_id="12"/>
      <token_anchor t_id="13"/>
      <token_anchor t_id="14"/>
      <token_anchor t_id="15"/>
      <token_anchor t_id="16"/>
      <token_anchor t_id="17"/>
      <token_anchor t_id="18"/>
      <token_anchor t_id="19"/>
      <token_anchor t_id="20"/>
      <token_anchor t_id="21"/>
      <token_anchor t_id="22"/>
      <token_anchor t_id="23"/>
      <token_anchor t_id="24"/>
      <token_anchor t_id="25"/>
      <token_anchor t_id="26"/>
      <token_anchor t_id="27"/>
    </FOREGROUND>
    <EVALUATION m_id="5">
      <token_anchor t_id="62"/>
      <token_anchor t_id="63"/>
    </EVALUATION>
    <EXPECTATION m_id="6">
      <token_anchor t_id="64"/>
      <token_anchor t_id="65"/>
      <token_anchor t_id="66"/>
      <token_anchor t_id="67"/>
    </EXPECTATION>
    <EVALUATION m_id="7">
      <token_anchor t_id="82"/>
      <token_anchor t_id="83"/>
    </EVALUATION>
    <ATTRIBUTION m_id="8">
      <token_anchor t_id="77"/>
      <token_anchor t_id="78"/>
      <token_anchor t_id="79"/>
      <token_anchor t_id="80"/>
      <token_anchor t_id="81"/>
    </ATTRIBUTION>
    <FOREGROUND m_id="9" type="narration">
      <token_anchor t_id="35"/>
      <token_anchor t_id="36"/>
      <token_anchor t_id="37"/>
      <token_anchor t_id="38"/>
      <token_anchor t_id="39"/>
      <token_anchor t_id="40"/>
      <token_anchor t_id="41"/>
      <token_anchor t_id="42"/>
      <token_anchor t_id="43"/>
      <token_anchor t_id="44"/>
      <token_anchor t_id="45"/>
      <token_anchor t_id="46"/>
    </FOREGROUND>
    <EXPECTATION m_id="10">
      <token_anchor t_id="84"/>
      <token_anchor t_id="85"/>
      <token_anchor t_id="86"/>
      <token_anchor t_id="87"/>
    </EXPECTATION>
    <ATTRIBUTION m_id="11">
      <token_anchor t_id="29"/>
      <token_anchor t_id="30"/>
      <token_anchor t_id="31"/>
      <token_anchor t_id="32"/>
      <token_anchor t_id="33"/>
      <token_anchor t_id="34"/>
    </ATTRIBUTION>
    <EXPECTATION m_id="12">
      <token_anchor t_id="88"/>
      <token_anchor t_id="89"/>
      <token_anchor t_id="90"/>
      <token_anchor t_id="91"/>
      <token_anchor t_id="92"/>
      <token_anchor t_id="93"/>
      <token_anchor t_id="94"/>
      <token_anchor t_id="95"/>
    </EXPECTATION>
  </Markables>
</Document>
